Route ID,Origin Port,Destination Port,Orgin Port Country,Destination Port Country,No Of Stops Between,Stops Names,"Stop Points (Orgin,[BetwwenStops],End]",Distance,Average Transit Time (days),Travel Direction,Vessel Type,No Of Travels
R001,Tanger Med,Rotterdam, Morocco, Netherlands,,"Algeciras,Barcelona, Antwerp","[44.811855,-0.5906289]-[36.1311725,-5.4473991]-[41.3828939,2.1774322]-[51.2211097,4.3997081]-[51.9244424,4.47775]",600,18,W,Bulk carrier,2000
R002,Gioia Tauro,Hamburg, Italy, Germany,,"Gioia Tauro,Valencia,Barcelona,Marseille,Rotterdam,
Antwerp,Hamburg,Gothenburg,Helsinki,St. Petersburg
","[38.424938, 15.899940]-[40.7127281,-74.0060152]-[41.3828939, 2.1774322]-[43.2965, 5.3698]-[51.9225, 4.4792]-[51.2211097, 4.3997081]-[53.5511,9.9937]-[ 57.7089, 11.9746]-[60.1699,24.9384]
",2468,29,E,Tank,1500
R003,Piraeus,Hamburg, Greece, Belgium,,,"[37.942986, 23.646982]-[51.219448, 4.402464]",3457,39,N,Container Shipo,789
R004,Alexandria,Bremerhaven, Egypt, Germany,,,"[31.1991806,29.8951716]-[53.5505392,8.5851945]",4500,15,E,Reefer ship,1467
R005,Port Sudan,Le Havre, Sudan, France,,,"[19.619217,37.211709]-[49.4938975,0.1079732]",200,27,N,Project cargo ship,938
R006,Jebel Ali,Dunkerque, United Arab Emirates, France,,,"[24.9775987,55.0910742]-[51.0347708,2.3772525]",2670,34,S,Barge,1072
R007,Mumbai (Bombay),Sines, India, Portugal,,,"[19.0815772,72.8866275]-[37.956549,-8.8689639]",400,45,E,Dredgers,1206
R008,Visakhapatnam,Valencia, India, Spain,,,"[17.7231276,83.3012842]-[39.4697065,-0.3763353]",2000,65,E,Tugs,1340
R009,Chittagong,Algeciras, Bangladesh, Spain,8,"Port of Colombo,
Port of Salalah,
Port of Jeddah,
Port of Suez,
Port of Piraeus,
Port of Valletta,
Port of Algiers,
Port of Barcelona,
Port of Valencia,",,1433,43,N,Corvette,1474
R010,Fremantle,Gioia Tauro, Australia, Italy,,,,844,21,S,Reefer Vessel,1608
R011,Adelaide,Piraeus, Australia, Greece,,,,4107,78,N,Frigate,1742
R012,Perth,Alexandria, Australia, Egypt,,,,8314,22,E,Offshore Ships,1876
R013,Wellington,Port Sudan, New Zealand, Sudan,,,,2444,50,N,Heavy Lift Ships,2010
R014,Prince Rupert,Jebel Ali, Canada, United Arab Emirates,,,,572,26,S,Panamax Ship,2144
R015,San Pedro,Mumbai (Bombay), USA, India,,,,995,48,E,Tanker,2278
R016,Everett,Visakhapatnam, USA, India,,,,12271,70,E,Canoe,2412
R017,Wilmington,Chittagong, USA, Bangladesh,,,,554,59,N,Hovercraft,2546
R018,Mobile,Fremantle, USA, Australia,,,,1882,49,S,Submarine,2680
R019,Corpus Christi,Adelaide, USA, Australia,,,,2098,163,N,Yacht,211
R020,Baltimore,Perth, USA, Australia,,,,2537,165,E,Sailboat,422
R021,Miami,Wellington, USA, New Zealand,,,,298,167,N,Gas carrier,633
R022,Houston,Prince Rupert, USA, Canada,,,,341,39,S,High-speed craft,844
R023,Callao,San Pedro, Peru, USA,,,,385,72,E,Passenger ship,1055
R024,San Antonio,Everett, Chile, USA,,,,429,71,E,Roll-on/roll-off,1266
R025,Buenaventura,Wilmington, Colombia, USA,,,,473,79,N,Naval ship,1477
R026,Shanghai,Los Angeles, China, USA,,,,517,81,S,Livestock carrier,1688
R027,Singapore,Rotterdam, Singapore, Netherlands,,,,561,10,N,Bulk carrier,1899
R028,Busan,Long Beach, South Korea, USA,,,,341,32,N,Tank,2110
R029,Rotterdam,Hamburg, Netherlands, Germany,,,,648,54,S,Container Shipo,2321
R030,Yokohama,Shenzhen, Japan, China,,,,692,60,E,Reefer ship,2532
R031,Ningbo-Zhoushan,New York, China, USA,,,,736,78,E,Project cargo ship,187
R032,Qingdao,Tokyo, China, Japan,,,,7230,19,N,Barge,374
R033,Tianjin,Tanjung Pelepas, China, Malaysia,,,,8070,21,S,Dredgers,561
R034,Hong Kong,Kaohsiung, China, Taiwan,,,,8060,21,N,Tugs,748
R035,Jebel Ali,Algeciras, United Arab Emirates, Spain,,,,6830,18,N,Corvette,935
R036,Dubai,Singapore, United Arab Emirates, Singapore,,,,6770,18,N,Reefer Vessel,1122
R037,Port Kelang,Colombo, Malaysia, Sri Lanka,,,,8080,21,S,Frigate,1309
R038,Tanjung Pelepas,Los Angeles, Malaysia, USA,,,,8590,23,N,Offshore Ships,1496
R039,Jakarta,Shenzhen, Indonesia, China,,,,7570,20,N,Heavy Lift Ships,1683
R040,Bangkok,Haiphong, Thailand, Vietnam,,,,7860,21,N,Panamax Ship,1870
R041,Manila,Yokohama, Philippines, Japan,,,,5630,15,S,Tanker,2057
R042,Kaohsiung,Los Angeles, Taiwan, USA,,,,5460,14,N,Canoe,2244
R043,Valencia,Genoa, Spain, Italy,,,,5920,15,N,Hovercraft,2431
R044,Barcelona,Algeciras, Spain, Spain,,,,6140,16,S,Submarine,233
R045,Santos,Ningbo-Zhoushan, Brazil, China,,,,6190,16,E,Yacht,466
R046,Gioia Tauro,Piraeus, Italy, Greece,,,,6200,16,E,Sailboat,699
R047,Felixstowe,Rotterdam, United Kingdom, Netherlands,,,,6160,16,N,Gas carrier,932
R048,Southampton,Algeciras, United Kingdom, Spain,,,,5320,14,S,High-speed craft,1165
R049,Bremerhaven,New York, Germany, USA,,,,1433,43,N,Tank,1398
R050,Le Havre,Singapore, France, Singapore,,,,844,21,N,Container Shipo,1631
R051,Antwerp,Hamburg, Belgium, Germany,,,,4107,78,N,Reefer ship,1864
R052,Genoa,Barcelona, Italy, Spain,,,,8314,22,S,Reefer ship,2097
R053,Piraeus,Alexandria, Greece, Egypt,,,,2444,50,N,Project cargo ship,2330
R054,Salalah,Jebel Ali, Oman, United Arab Emirates,,,,572,26,N,Barge,2563
R055,Dammam,Jeddah, Saudi Arabia, Saudi Arabia,,,,995,48,N,Dredgers,2796
R056,Mumbai (Bombay),Singapore, India, Singapore,,,,12271,70,S,Tugs,3029
R057,Chennai (Madras),Colombo, India, Sri Lanka,,,,554,59,N,Corvette,3262
R058,Colombo,Chittagong, Sri Lanka, Bangladesh,,,,1882,49,N,Reefer Vessel,3495
R059,Kelang,Jakarta, Malaysia, Indonesia,,,,2098,163,S,Frigate,3728
R060,Brisbane,Singapore, Australia, Singapore,,,,2537,165,E,Offshore Ships,3961
R061,Melbourne,Shanghai, Australia, China,,,,298,167,E,Panamax Ship,4194
R062,Sydney,Long Beach, Australia, USA,,,,341,39,N,Bulk carrier,427
R063,Auckland,Brisbane, New Zealand, Australia,,,,385,72,S,Tank,954
R064,Vancouver,Yokohama, Canada, Japan,,,,429,71,N,Container Shipo,1481
R065,Seattle,Busan, USA, South Korea,,,,473,79,N,Reefer ship,2008
R066,Long Beach,Hong Kong, USA, China,,,,517,81,N,Project cargo ship,2535
R067,Oakland,Kaohsiung, USA, Taiwan,,,,561,10,S,Barge,3062
R068,Miami,Santos, USA, Brazil,,,,7810,21,N,Dredgers,3589
R069,New Orleans,Progreso, USA, Mexico,,,,5290,14,N,Tugs,4116
R070,Houston,Altamira, USA, Mexico,,,,5360,14,N,Corvette,4643
R071,New York,Bremerhaven, USA, Germany,,,,4560,12,S,Reefer Vessel,5170
R072,Savannah,Antwerp, USA, Belgium,,,,6220,16,N,Frigate,5697
R073,Norfolk,Rotterdam, USA, Netherlands,,,,6050,16,N,Offshore Ships,6224
R074,Charleston,Hamburg, USA, Germany,,,,2537,165,N,Heavy Lift Ships,6751
R075,Jacksonville,Valencia, USA, Spain,,,,298,167,S,Panamax Ship,7278
R076,Los Angeles,Yokohama, USA, Japan,,,,341,39,E,Tanker,7805
R077,San Diego,Ensenada, USA, Mexico,,,,385,72,E,Canoe,8332
R078,Seattle,Incheon, USA, South Korea,,,,429,71,N,Hovercraft,8859
R079,Tacoma,Keelung, USA, Taiwan,,,,473,79,S,Submarine,233
R080,Portland,Yantian, USA, China,,,,517,81,N,Yacht,466
R081,Oakland,Qingdao, USA, China,,,,561,10,N,Sailboat,699
R082,Long Beach,Ningbo-Zhoushan, USA, China,,,,341,32,N,Gas carrier,932
R083,Los Angeles,Tianjin, USA, China,,,,648,54,S,High-speed craft,1165
R084,Vancouver,Shanghai, Canada, China,,,,692,60,N,High-speed craft,1398
R085,Montreal,Antwerp, Canada, Belgium,,,,736,78,N,Bulk carrier,1631
R086,Halifax,Southampton, Canada, United Kingdom,,,,298,167,N,Tank,1864
R087,Rotterdam,Felixstowe, Netherlands, United Kingdom,,,,341,39,S,Container Shipo,2097
R088,Hamburg,Southampton, Germany, United Kingdom,,,,385,72,N,Reefer ship,2330
R089,Antwerp,Tilbury, Belgium, United Kingdom,,,,429,71,N,Project cargo ship,2563
R090,Bremerhaven,Liverpool, Germany, United Kingdom,,,,473,79,S,Barge,2796
R091,Le Havre,Dunkerque, France, France,,,,517,81,E,Dredgers,3029
R092,Sines,Algeciras, Portugal, Spain,,,,561,10,E,Tugs,3262
R093,Valencia,Tanger Med, Spain, Morocco,,,,341,32,N,Corvette,3495
R094,Gioia Tauro,Valencia, Italy, Spain,,,,648,54,S,Reefer Vessel,3728
R095,Jeddah,Port Sudan, Saudi Arabia, Sudan,,,,692,60,N,Frigate,3961
R096,Mumbai (Bombay),Jebel Ali, India, United Arab Emirates,,,,736,78,N,Offshore Ships,4194
R097,Visakhapatnam,Chennai (Madras), India, India,,,,995,48,N,Heavy Lift Ships,427
R098,Chittagong,Colombo, Bangladesh, Sri Lanka,,,,12271,70,S,Panamax Ship,954
R099,Fremantle,Singapore, Australia, Singapore,,,,554,59,N,Tanker,1481
R100,Adelaide,Melbourne, Australia, Australia,,,,1882,49,N,Canoe,2008
R101,Perth,Singapore, Australia, Singapore,,,,2098,163,N,Hovercraft,2535
R102,Wellington,Melbourne, New Zealand, Australia,,,,2537,165,S,Submarine,3062
R103,Prince Rupert,Incheon, Canada, South Korea,,,,298,167,N,Yacht,3589
R104,San Pedro,Yokohama, USA, Japan,,,,341,39,N,Sailboat,4116
R105,Everett,Kaohsiung, USA, Taiwan,,,,385,72,S,Gas carrier,4643
R106,Wilmington,Santos, USA, Brazil,,,,429,71,N,High-speed craft,5170
R107,Mobile,Progreso, USA, Mexico,,,,473,79,N,Bulk carrier,5697
R108,Corpus Christi,Altamira, USA, Mexico,,,,517,81,N,Tank,6224
R109,Baltimore,Bremerhaven, USA, Germany,,,,561,10,S,Container Shipo,6751
R110,Tacoma,Yokohama, USA, Japan,,,,341,32,N,Reefer ship,1683
R111,Everett,Ningbo-Zhoushan, USA, China,,,,648,54,N,Project cargo ship,1870
R112,Seattle,Qingdao, USA, China,,,,692,60,S,Barge,2057
R113,Portland,Tianjin, USA, China,,,,736,78,E,Dredgers,2244
R114,Montreal,Rotterdam, Canada, Netherlands,,,,298,167,E,Tugs,2431
R115,Halifax,Hamburg, Canada, Germany,,,,341,39,N,Corvette,233
R116,Felixstowe,Antwerp, United Kingdom, Belgium,,,,385,72,S,Reefer Vessel,466
R117,Southampton,Le Havre, United Kingdom, France,,,,429,71,N,Frigate,699
R118,Tilbury,Dunkerque, United Kingdom, France,,,,473,79,N,Offshore Ships,932
R119,Liverpool,Sines, United Kingdom, Portugal,,,,517,81,N,Heavy Lift Ships,1165
R120,Dunkerque,Valencia, France, Spain,,,,561,10,S,Panamax Ship,1398
R121,Algeciras,Gioia Tauro, Spain, Italy,,,,341,32,N,Tanker,1631
R122,Tanger Med,Piraeus, Morocco, Greece,,,,8060,21,N,Canoe,1864
R123,Alexandria,Salalah, Egypt, Oman,,,,6830,18,N,Hovercraft,2097
R124,Port Sudan,Jeddah, Sudan, Saudi Arabia,,,,6770,18,S,Submarine,2330
R125,Jebel Ali,Mumbai (Bombay), United Arab Emirates, India,,,,8080,21,N,Yacht,2563
R126,Chennai (Madras),Visakhapatnam, India, India,,,,8590,23,N,Sailboat,2796
R127,Singapore,Fremantle, Singapore, Australia,,,,7570,20,N,Gas carrier,3029
R128,Melbourne,Adelaide, Australia, Australia,,,,7860,21,N,High-speed craft,3262
R129,Perth,Brisbane, Australia, Australia,,,,5630,15,S,Yacht,938
R130,Auckland,Fremantle, New Zealand, Australia,,,,5460,14,N,Sailboat,1072
R131,Incheon,Prince Rupert, South Korea, Canada,,,,5920,15,S,Gas carrier,1206
R132,Yokohama,San Pedro, Japan, USA,,,,6140,16,N,High-speed craft,1340
R133,Kaohsiung,Everett, Taiwan, USA,,,,6190,16,N,Passenger ship,1474
R134,Santos,Wilmington, Brazil, USA,,,,6200,16,N,Roll-on/roll-off,1608
R135,Progreso,Mobile, Mexico, USA,,,,6160,16,S,Naval ship,1742
R136,Altamira,Corpus Christi, Mexico, USA,,,,5320,14,N,Livestock carrier,1876
R137,Bremerhaven,Baltimore, Germany, USA,,,,995,48,N,Bulk carrier,2010
R138,Cartagena,Miami, Colombia, USA,,,,12271,70,S,Tank,2144
R139,Callao,Houston, Peru, USA,,,,554,59,E,Container Shipo,2278
R140,San Antonio,Los Angeles, Chile, USA,,,,1882,49,E,Reefer ship,2412
R141,Buenaventura,Oakland, Colombia, USA,,,,2098,163,N,Project cargo ship,2546
R142,Santos,New Orleans, Brazil, USA,,,,2537,165,S,Barge,2680
R143,Buenos Aires,Savannah, Argentina, USA,,,,298,167,N,Dredgers,211
R144,Rio Grande,Norfolk, Brazil, USA,,,,341,39,N,Tugs,422
R145,Itaguai,Charleston, Brazil, USA,,,,385,72,N,Corvette,633
R146,Manaus,Jacksonville, Brazil, USA,,,,429,71,S,Reefer Vessel,844
R147,Santos,Los Angeles, Brazil, USA,,,,473,79,N,Frigate,1055
R148,Salina Cruz,San Diego, Mexico, USA,,,,517,81,N,Offshore Ships,1266
R149,Incheon,Tacoma, South Korea, USA,,,,561,10,N,Heavy Lift Ships,1477
R150,Keelung,Everett, Taiwan, USA,,,,341,32,S,Panamax Ship,1688
R151,Yantian,Portland, China, USA,,,,648,54,N,Tanker,1899
R152,Qingdao,Oakland, China, USA,,,,692,60,N,Canoe,2110
R153,Ningbo-Zhoushan,Long Beach, China, USA,,,,736,78,S,Hovercraft,2321
R154,Tianjin,Los Angeles, China, USA,,,,298,167,E,Submarine,2532
R155,Shanghai,Vancouver, China, Canada,,,,341,39,E,Yacht,187
R156,Antwerp,Montreal, Belgium, Canada,,,,385,72,N,Sailboat,374
R157,Southampton,Halifax, United Kingdom, Canada,,,,429,71,S,Gas carrier,561
R158,Dunkerque,Le Havre, France, France,,,,473,79,N,High-speed craft,748
R159,Algeciras,Sines, Spain, Portugal,,,,517,81,N,Frigate,935
R160,Gioia Tauro,Alexandria, Italy, Egypt,,,,561,10,N,Offshore Ships,1122
R161,Piraeus,Port Sudan, Greece, Sudan,,,,341,32,S,Bulk carrier,1309
R162,Jeddah,Jebel Ali, Saudi Arabia, United Arab Emirates,,,,5360,14,N,Tank,1496
R163,Mumbai (Bombay),Salalah, India, Oman,,,,4560,12,N,Container Shipo,1683
R164,Wellington,Auckland, New Zealand, New Zealand,,,,6220,16,N,Reefer ship,1870
R165,Durban,Maputo, South Africa, Mozambique,,,,6050,16,S,Project cargo ship,2057
R166,Lagos,Tema, Nigeria, Ghana,,,,6190,16,N,Barge,2244
R167,Abidjan,Dakar, Ivory Coast, Senegal,,,,5320,14,N,Dredgers,2431
R168,Tangier,Genoa, Morocco, Italy,,,,6190,16,S,Tugs,233
R169,Alexandria,Izmir, Egypt, Turkey,,,,4660,12,N,Corvette,466
R170,Ashdod,Piraeus, Israel, Greece,,,,8050,22,N,Reefer Vessel,699
R171,Jeddah,Aqaba, Saudi Arabia, Jordan,,,,8040,21,S,Frigate,932
R172,Dubai,Mumbai (Bombay), United Arab Emirates, India,,,,7450,20,E,Offshore Ships,1165
R173,Mundra,Chittagong, India, Bangladesh,,,,8560,23,E,Heavy Lift Ships,1398
R174,Colombo,Chennai (Madras), Sri Lanka, India,,,,7230,19,N,Panamax Ship,1631
R175,Yangon,Port Kelang, Myanmar, Malaysia,,,,8070,21,S,Tanker,1864
R176,Da Nang,Hong Kong, Vietnam, China,,,,8060,21,N,Canoe,2097
R177,Shenzhen,Kaohsiung, China, Taiwan,,,,6830,18,N,Hovercraft,2330
R178,Busan,Vladivostok, South Korea, Russia,,,,6770,18,N,Submarine,2563
R179,Tokyo,Oakland, Japan, USA,,,,8080,21,S,Yacht,2796
R180,Osaka,Long Beach, Japan, USA,,,,8590,23,N,Sailboat,3029
R181,Keelung,Seattle, Taiwan, USA,,,,7570,20,N,Gas carrier,3262
R182,Manila,Los Angeles, Philippines, USA,,,,7860,21,N,High-speed craft,3495
R183,Ho Chi Minh City,Singapore, Vietnam, Singapore,,,,5630,15,S,Offshore Ships,3728
R184,Belawan,Port Klang, Indonesia, Malaysia,,,,5460,14,N,Sailboat,3961
R185,Semarang,Subic Bay, Indonesia, Philippines,,,,5920,15,S,Gas carrier,4194
R186,Darwin,Dalian, Australia, China,,,,6140,16,N,High-speed craft,427
R187,Cairns,Port Moresby, Australia, Papua New Guinea,,,,6190,16,N,Passenger ship,954
R188,Noumea,Brisbane, New Caledonia, Australia,,,,6200,16,S,Roll-on/roll-off,1481
R189,Auckland,Los Angeles, New Zealand, USA,,,,6160,16,N,Naval ship,2008
R190,Vancouver,Incheon, Canada, South Korea,,,,5320,14,N,Livestock carrier,2535
R191,Montreal,Hamburg, Canada, Germany,,,,1433,43,N,Barge,3062
R192,Halifax,Antwerp, Canada, Belgium,,,,844,21,S,Dredgers,3589
R193,New York,Le Havre, USA, France,,,,4107,78,E,Tugs,4116
R194,Savannah,Felixstowe, USA, United Kingdom,,,,8314,22,E,Corvette,4643
R195,Miami,Algeciras, USA, Spain,,,,2444,50,N,Reefer Vessel,5170
R196,Houston,Santos, USA, Brazil,,,,572,26,S,Frigate,5697
R197,New Orleans,Buenos Aires, USA, Argentina,,,,995,48,N,Offshore Ships,6224
R198,Los Angeles,Callao, USA, Peru,,,,12271,70,N,Panamax Ship,6751
R199,San Diego,Buenaventura, USA, Colombia,,,,554,59,N,Bulk carrier,7278
R200,Seattle,Salina Cruz, USA, Mexico,,,,1882,49,S,Tank,7805
R201,Prince Rupert,Yantian, Canada, China,,,,2098,163,N,Tank,8332
R202,Everett,Qingdao, USA, China,,,,2537,165,N,Barge,8859
R203,Wilmington,Ningbo-Zhoushan, USA, China,,,,298,167,N,Dredgers,6224
R204,Mobile,Tianjin, USA, China,,,,341,39,S,Tugs,856
R205,Corpus Christi,Shanghai, USA, China,,,,385,72,N,Corvette,911
R206,Baltimore,Rotterdam, USA, Netherlands,,,,429,71,N,Reefer Vessel,686
R207,Miami,Tanger Med, USA, Morocco,,,,473,79,S,Frigate,1026
R208,Houston,Alexandria, USA, Egypt,,,,517,81,N,Offshore Ships,166
R209,Callao,Jeddah, Peru, Saudi Arabia,,,,561,10,N,Panamax Ship,1136
R210,San Antonio,Mumbai (Bombay), Chile, India,,,,7810,21,S,Bulk carrier,1187
R211,Buenaventura,Visakhapatnam, Colombia, India,,,,5290,14,E,Tank,1267
R212,Los Angeles,Shanghai, USA, China,,,,5360,14,E,Tugs,1297
R213,Long Beach,Yokohama, USA, Japan,,,,4560,12,N,Corvette,500
R214,San Francisco,Hong Kong, USA, China,,,,6220,16,S,Reefer Vessel,750
R215,Portland,Ningbo, USA, China,,,,6050,16,N,Frigate,1000
R216,Tacoma,Shenzhen, USA, China,,,,6190,16,N,Offshore Ships,1250
R217,Houston,Tokyo, USA, Japan,,,,5320,14,N,Heavy Lift Ships,1500
R218,Miami,Busan, USA, South Korea,,,,6190,16,S,Panamax Ship,1750
R219,Shanghai,Rotterdam, China, Netherlands,,,,4660,12,N,Tanker,2000
R220,Hong Kong,Antwerp, China, Belgium,,,,8050,22,N,Canoe,2250
R221,Ningbo,Felixstowe, China, UK,,,,8040,21,N,Hovercraft,2500
R222,Busan,Genoa, South Korea, Italy,,,,7450,20,S,Submarine,2750
R223,Yokohama,Barcelona, Japan, Spain,,,,8560,23,N,Yacht,3000
R224,Shenzhen,Le Havre, China, France,,,,7230,19,N,Sailboat,3250
R225,Kaohsiung,Zeebrugge, Taiwan, Belgium,,,,8070,21,N,Gas carrier,3500
R226,Qingdao,Bremerhaven, China, Germany,,,,8060,21,N,High-speed craft,3750
R227,Tianjin,Southampton, China, UK,,,,6830,18,N,Bulk carrier,4000
R228,New York,Rotterdam, USA, Netherlands,,,,6770,18,S,Tank,300
R229,Charleston,Le Havre, USA, France,,,,8080,21,N,Container Shipo,600
R230,Houston,Hamburg, USA, Germany,,,,8590,23,N,Reefer ship,900
R231,Norfolk,Felixstowe, USA, UK,,,,7570,20,S,Project cargo ship,1200
R232,Miami,Barcelona, USA, Spain,,,,7860,21,E,Barge,1500
R233,Baltimore,Bremen, USA, Germany,,,,5630,15,E,Dredgers,1800
R234,Philadelphia,Dublin, USA, Ireland,,,,5460,14,N,Tugs,2100
R235,Boston,Cork, USA, Ireland,,,,5920,15,S,Corvette,2400
R236,Jacksonville,Lisbon, USA, Portugal,,,,6140,16,N,Reefer Vessel,2700
R237,Busan,Kaohsiung, South Korea, Taiwan,,,,6190,16,N,Frigate,3000
R238,Hong Kong,Jakarta, China, Indonesia,,,,6200,16,N,Offshore Ships,427
R239,Tokyo,Ho Chi Minh City, Japan, Vietnam,,,,6160,16,S,Heavy Lift Ships,954
R240,Yokohama,Manila, Japan, Philippines,,,,5320,14,N,Panamax Ship,1481
R241,Shenzhen,Bangkok, China, Thailand,,,,6190,16,N,Tanker,2008
R242,Ningbo,Klang, China, Malaysia,,,,5320,14,N,Canoe,2535
R243,Qingdao,Colombo, China, Sri Lanka,,,,6190,16,S,Hovercraft,3062
R244,Tianjin,Penang, China, Malaysia,,,,4660,12,N,Submarine,3589
R245,Dalian,Laem Chabang, China, Thailand,,,,8050,22,N,Yacht,856
R246,Antwerp,Genoa, Belgium, Italy,,,,8040,21,S,Sailboat,911
R247,Hamburg,Piraeus, Germany, Greece,,,,7450,20,N,Gas carrier,686
R248,Rotterdam,Valencia, Netherlands, Spain,,,,8560,23,N,High-speed craft,1026
R249,Le Havre,Barcelona, France, Spain,,,,7230,19,N,Livestock carrier,166
R250,Felixstowe,Naples, UK, Italy,,,,8070,21,S,Project cargo ship,1136
R251,Bremerhaven,Marseille, Germany, France,,,,8060,21,N,Barge,1187
R252,Zeebrugge,Lisbon, Belgium, Portugal,,,,6830,18,N,Dredgers,1267
R253,Southampton,Izmir, UK, Turkey,,,,6770,18,S,Tugs,1297
R254,Gothenburg,Athens, Sweden, Greece,,,,8080,21,E,Corvette,500
R255,Aarhus,Haifa, Denmark, Israel,,,,8590,23,E,Reefer Vessel,750
R256,Hamburg,Durban, Germany, South Africa,,,,7570,20,N,Frigate,1000
R257,Rotterdam,Lagos, Netherlands, Nigeria,,,,7860,21,S,Offshore Ships,1250
R258,Antwerp,Cape Town, Belgium, South Africa,,,,5630,15,N,Panamax Ship,1500
R259,Le Havre,Abidjan, France, Ivory Coast,,,,5460,14,N,Bulk carrier,1750
R260,Genoa,Mombasa, Italy, Kenya,,,,5920,15,N,Tank,2000
R261,Barcelona,Dakar, Spain, Senegal,,,,6140,16,S,Barge,2250
R262,Marseille,Casablanca, France, Morocco,,,,6190,16,N,Dredgers,2500
R263,Lisbon,Luanda, Portugal, Angola,,,,6200,16,N,Tugs,2750
R264,Valencia,Alexandria, Spain, Egypt,,,,6160,16,N,Corvette,3000
R265,Naples,Tema, Italy, Ghana,,,,5320,14,S,Reefer Vessel,3250
R266,Jebel Ali,Mumbai, UAE, India,,,,995,48,N,Frigate,3500
R267,Doha,Chennai, Qatar, India,,,,12271,70,S,Offshore Ships,3750
R268,Dammam,Shanghai, Saudi Arabia, China,,,,554,59,N,Panamax Ship,4000
R269,Muscat,Colombo, Oman, Sri Lanka,,,,1882,49,N,Bulk carrier,300
R270,Aden,Bangkok, Yemen, Thailand,,,,2098,163,N,Tank,600
R271,Manama,Penang, Bahrain, Malaysia,,,,2537,165,N,Tank,900
R272,Jeddah,Jakarta, Saudi Arabia, Indonesia,,,,298,167,S,Barge,1200
R273,Dubai,Ho Chi Minh City, UAE, Vietnam,,,,341,39,N,Dredgers,1500
R274,Sharjah,Kaohsiung, UAE, Taiwan,,,,385,72,N,Tugs,1800
R275,Melbourne,Hong Kong, Australia, China,,,,429,71,N,Corvette,2100
R276,Brisbane,Tokyo, Australia, Japan,,,,473,79,N,Reefer Vessel,2400
R277,Fremantle,Shanghai, Australia, China,,,,517,81,S,Frigate,2700
R278,Adelaide,Klang, Australia, Malaysia,,,,561,10,N,Offshore Ships,3000
R279,Darwin,Jakarta, Australia, Indonesia,,,,341,32,N,Panamax Ship,1398
R280,Hobart,Busan, Australia, South Korea,,,,648,54,S,Bulk carrier,1631
R281,Townsville,Manila, Australia, Philippines,,,,692,60,E,Tank,1864
R282,Newcastle,Bangkok, Australia, Thailand,,,,736,78,E,Barge,2097
R283,Cairns,Ho Chi Minh City, Australia, Vietnam,,,,298,167,N,Dredgers,2330
R284,Hamburg,Antwerp, Germany, Belgium,,,,341,39,S,Tugs,2563
R285,Rotterdam,Le Havre, Netherlands, France,,,,385,72,N,Corvette,2796
R286,Felixstowe,Gothenburg, UK, Sweden,,,,429,71,N,Reefer Vessel,856
R287,Bremerhaven,Zeebrugge, Germany, Belgium,,,,473,79,N,Frigate,911
R288,Southampton,Rotterdam, UK, Netherlands,,,,517,81,S,Offshore Ships,686
R289,Copenhagen,Oslo, Denmark, Norway,,,,561,10,N,Panamax Ship,1026
R290,Helsinki,St. Petersburg, Finland, Russia,,,,341,32,N,Bulk carrier,166
R291,Tallinn,Riga, Estonia, Latvia,,,,8060,21,N,Tank,1136
R292,Stockholm,Helsinki, Sweden, Finland,,,,6830,18,S,Tank,1187
R293,Gdynia,Klaipeda, Poland, Lithuania,,,,6770,18,N,Barge,1267
R294,Los Angeles,Manzanillo, USA, Mexico,,,,8080,21,N,Dredgers,1297
R295,Houston,Veracruz, USA, Mexico,,,,8590,23,S,Tugs,500
R296,Miami,Cartagena, USA, Colombia,,,,7570,20,E,Corvette,750
R297,New Orleans,Santos, USA, Brazil,,,,7860,21,E,Reefer Vessel,1000
R298,New York,Callao, USA, Peru,,,,5630,15,N,Frigate,1250
R299,Savannah,Buenos Aires, USA, Argentina,,,,5460,14,S,Offshore Ships,1500
R300,Mobile,Guayaquil, USA, Ecuador,,,,5920,15,N,Panamax Ship,1750
R301,Port Everglades,Limon, USA, Costa Rica,,,,6140,16,N,Bulk carrier,2000
R302,San Juan,Colon, Puerto Rico, Panama,,,,6190,16,N,Tank,2250
R303,Norfolk,Rio de Janeiro, USA, Brazil,,,,6200,16,S,Naval ship,2500
R304,San Diego,Tokyo, USA, Japan,,,,6160,16,N,Livestock carrier,2750
R305,Los Angeles,Busan, USA, South Korea,,,,5320,14,N,Barge,3000
R306,Seattle,Shanghai, USA, China,,,,995,48,N,Dredgers,3250
R307,Portland,Tokyo, USA, Japan,,,,12271,70,S,Tugs,3500
R308,New York,Hong Kong, USA, China,0,,,554,59,N,Corvette,3750
R309,San Francisco,Yokohama, USA, Japan,0,,,1882,49,N,Reefer Vessel,4000
R310,Boston,Shanghai, USA, China,1,Panama Canal,,2098,163,N,Frigate,300
R311,Miami,Ningbo, USA, China,3,"Panama Canal, Singapore",,2537,165,N,Offshore Ships,600
R312,Charleston,Busan, USA, South Korea,1,Panama Canal,,298,167,S,Panamax Ship,900
R313,Baltimore,Kaohsiung, USA, Taiwan,0,,,341,39,N,Bulk carrier,1200
R314,Savannah,Shenzhen, USA, China,0,,,385,72,N,Tank,1500
R315,Jacksonville,Hong Kong, USA, China,0,,,429,71,S,Tank,1800
R316,Norfolk,Yokohama, USA, Japan,0,,,473,79,E,Barge,2100
R317,Mobile,Busan, USA, South Korea,1,Panama Canal,,517,81,E,Dredgers,2400
R318,Port Everglades,Shanghai, USA, China,2,"Panama Canal, Singapore",,561,10,N,Tugs,2700
R319,San Juan,Kaohsiung, Puerto Rico, Taiwan,0,,,341,32,S,Corvette,3000
R320,Houston,Shenzhen, USA, China,3,"Panama Canal, Singapore",,648,54,N,Reefer Vessel,2532
R321,New Orleans,Hong Kong, USA, China,2,"Panama Canal, Singapore",,692,60,N,Frigate,187
R322,Oakland,Busan, USA, South Korea,2,"Panama Canal, Singapore",,736,78,N,Offshore Ships,374
R323,Tacoma,Shanghai, USA, China,2,"Panama Canal, Singapore",,298,167,S,Panamax Ship,561
R324,Vancouver,Busan, Canada, South Korea,2,"Panama Canal, Singapore",,341,39,N,Bulk carrier,748
R325,Seattle,Shenzhen, USA, China,3,"Panama Canal, Singapore",,385,72,N,Tank,935
R326,Los Angeles,Ningbo, USA, China,2,"Panama Canal, Singapore",,429,71,N,Barge,1122
R327,Long Beach,Kaohsiung, USA, Taiwan,0,,,473,79,S,Dredgers,1309
R328,San Francisco,Busan, USA, South Korea,2,"Panama Canal, Singapore",,517,81,N,Tugs,1496
R329,San Diego,Shanghai, USA, China,0,,,561,10,S,Corvette,1683
R330,Portland,Yokohama, USA, Japan,0,,,341,32,E,Reefer Vessel,1870
R331,Houston,Hong Kong, USA, China,2,"Panama Canal, Singapore",,8050,22,E,Frigate,856
R332,New York,Kaohsiung, USA, Taiwan,2,"Panama Canal, Singapore",,8040,21,N,Offshore Ships,911
R333,Boston,Busan, USA, South Korea,1,Panama Canal,,7450,20,S,Panamax Ship,938
R334,Miami,Shanghai, USA, China,0,,,8560,23,N,Bulk carrier,1072
R335,Charleston,Ningbo, USA, China,1,Panama Canal,,7230,19,N,Tank,1206
R336,Savannah,Kaohsiung, USA, Taiwan,0,,,8070,21,N,Tank,1340
R337,Baltimore,Shenzhen, USA, China,1,Panama Canal,,8060,21,S,Barge,1474
R338,Norfolk,Shanghai, USA, China,3,"Panama Canal, Singapore",,6830,18,N,Dredgers,1608
R339,Mobile,Hong Kong, USA, China,0,,,6770,18,N,Tugs,1742
R340,Port Everglades,Busan, USA, South Korea,3,"Panama Canal, Singapore",,8080,21,N,Corvette,1876
R341,San Juan,Ningbo, Puerto Rico, China,2,"Panama Canal, Singapore",,8590,23,S,Reefer Vessel,2010
R342,Houston,Kaohsiung, USA, Taiwan,0,,,7570,20,N,Frigate,2144
R343,New Orleans,Shenzhen, USA, China,1,Panama Canal,,7860,21,W,Offshore Ships,2278
R344,Oakland,Shanghai, USA, China,1,Panama Canal,,5630,15,W,Panamax Ship,2412
R345,Tacoma,Ningbo, USA, China,0,,,5460,14,N,Bulk carrier,2546
R346,Vancouver,Shenzhen, Canada, China,2,"Panama Canal, Singapore",,5920,15,S,Tank,2680
R347,Los Angeles,Shenzhen, USA, China,1,Panama Canal,,6140,16,E,Roll-on/roll-off,211
R348,Long Beach,Ningbo, USA, China,0,,,6190,16,E,Naval ship,422
R349,San Francisco,Kaohsiung, USA, Taiwan,0,,,6200,16,N,Livestock carrier,633
R350,San Diego,Busan, USA, South Korea,2,"Panama Canal, Singapore",,6160,16,S,Canoe,844
R351,Portland,Shanghai, USA, China,0,,,5320,14,N,Hovercraft,1055
R352,Seattle,Yokohama, USA, Japan,0,,,4350,11,N,Submarine,1266
R353,Los Angeles,Hong Kong, USA, China,3,"Panama Canal, Singapore",,6670,18,N,Yacht,1477
R354,Long Beach,Busan, USA, South Korea,2,"Panama Canal, Singapore",,6030,16,S,Sailboat,1688
R355,San Francisco,Shanghai, USA, China,3,"Panama Canal, Singapore",,5700,15,N,Gas carrier,1899
R356,New York,Busan, USA, South Korea,1,Panama Canal,,6820,18,N,High-speed craft,2110
R357,Boston,Hong Kong, USA, China,0,,,8030,21,N,Offshore Ships,2321
R358,Tanger Med,Hong Kong, Morocco, China,,,,7230,19,S,Offshore Ships,2532
R359,Gioia Tauro,Busan, Italy, South Korea,,,,8070,21,N,Heavy Lift Ships,187
R360,Piraeus,Shanghai, Greece, China,,,,8060,21,N,Panamax Ship,374
R361,Alexandria,Busan, Egypt, South Korea,,,,6830,18,N,Tanker,561
R362,Port Sudan,Hong Kong, Sudan, China,,,,6770,18,S,Canoe,748
R363,Jebel Ali,Yokohama, United Arab Emirates, Japan,,,,8080,21,N,Hovercraft,935
R364,Mumbai (Bombay),Shanghai, India, China,,,,8590,23,N,Submarine,1122
R365,Visakhapatnam,Busan, India, South Korea,,,,7570,20,N,Yacht,1309
R366,Chittagong,Kaohsiung, Bangladesh, Taiwan,,,,7860,21,N,Sailboat,1496
R367,Fremantle,Ningbo, Australia, China,,,,5630,15,S,Gas carrier,1683
R368,Adelaide,Shenzhen, Australia, China,,,,5460,14,N,High-speed craft,1870
R369,Perth,Shenzhen, Australia, China,,,,5920,15,N,Livestock carrier,2057
R370,Wellington,Ningbo, New Zealand, China,,,,6140,16,S,Project cargo ship,2244
R371,Prince Rupert,Shanghai, Canada, China,,,,6190,16,N,Barge,2431
R372,San Pedro,Shenzhen, USA, China,,,,6200,16,N,Dredgers,233
R373,Everett,Kaohsiung, USA, Taiwan,,,,6160,16,N,Tugs,466
R374,Wilmington,Ningbo, USA, China,,,,5320,14,S,Corvette,699
R375,Mobile,Busan, USA, South Korea,,,,1433,43,N,Reefer Vessel,932
R376,Corpus Christi,Hong Kong, USA, China,,,,844,21,N,Frigate,1165
R377,Baltimore,Shanghai, USA, China,,,,4107,78,S,Offshore Ships,1398
R378,Miami,Shenzhen, USA, China,,,,8314,22,E,Panamax Ship,1631
R379,Houston,Kaohsiung, USA, Taiwan,,,,2444,50,E,Bulk carrier,1864
R380,Callao,Ningbo, Peru, China,,,,572,26,N,Tank,2097
R381,San Antonio,Shanghai, Chile, China,,,,995,48,S,Barge,2330
R382,Buenaventura,Busan, Colombia, South Korea,,,,12271,70,N,Dredgers,2563
R383,Shanghai,Kaohsiung, China, Taiwan,,,,554,59,N,Tugs,2796
R384,Singapore,Hong Kong, Singapore, China,,,,1882,49,N,Corvette,3029
R385,Busan,Yokohama, South Korea, Japan,,,,2098,163,S,Reefer Vessel,3262
R386,Rotterdam,Shanghai, Netherlands, China,,,,2537,165,N,Frigate,3495
R387,Yokohama,Busan, Japan, South Korea,,,,298,167,N,Offshore Ships,3728
R388,Ningbo-Zhoushan,Kaohsiung, China, Taiwan,,,,341,39,N,Panamax Ship,3961
R389,Qingdao,Ningbo, China, China,,,,385,72,S,Bulk carrier,4194
R390,Tianjin,Shenzhen, China, China,,,,429,71,N,Tank,427
R391,Hong Kong,Busan, China, South Korea,,,,473,79,S,Tank,954
R392,Jebel Ali,Shanghai, United Arab Emirates, China,,,,517,81,E,Barge,1481
R393,Dubai,Busan, United Arab Emirates, South Korea,,,,561,10,E,Dredgers,2008
R394,Port Kelang,Hong Kong, Malaysia, China,,,,7810,21,N,Tugs,2535
R395,Tanjung Pelepas,Shenzhen, Malaysia, China,,,,5290,14,S,Corvette,3062
R396,Jakarta,Kaohsiung, Indonesia, Taiwan,,,,5360,14,N,Reefer Vessel,3589
R397,Bangkok,Shanghai, Thailand, China,,,,4560,12,N,Frigate,4116
R398,Manila,Busan, Philippines, South Korea,,,,6220,16,N,Offshore Ships,4643
R399,Kaohsiung,Yokohama, Taiwan, Japan,,,,6050,16,S,Panamax Ship,5170
R400,Valencia,Hong Kong, Spain, China,,,,7230,19,N,Bulk carrier,5697
R401,Barcelona,Shenzhen, Spain, China,,,,8070,21,N,Tank,6224
R402,Santos,Kaohsiung, Brazil, Taiwan,,,,8060,21,N,Barge,6751
R403,Gioia Tauro,Busan, Italy, South Korea,,,,6830,18,S,Dredgers,7278
R404,Felixstowe,Ningbo, United Kingdom, China,,,,6770,18,N,Tugs,7805
R405,Southampton,Shanghai, United Kingdom, China,,,,8080,21,S,Corvette,8332
R406,Bremerhaven,Yokohama, Germany, Japan,,,,8590,23,N,Reefer Vessel,8859
R407,Le Havre,Hong Kong, France, China,,,,7570,20,N,Frigate,561
R408,Antwerp,Tokyo, Belgium, Japan,,,,7860,21,N,Offshore Ships,748
R409,Genoa,Shanghai, Italy, China,,,,5630,15,S,Panamax Ship,935
R410,Piraeus,Busan, Greece, South Korea,,,,5460,14,N,Bulk carrier,1122
R411,Salalah,Tokyo, Oman, Japan,,,,5920,15,S,Tank,1309
R412,Dammam,Rio de Janeiro, Saudi Arabia, Brazil,,,,6140,16,E,Tank,1496
R413,Mumbai (Bombay),Colon, India, Panama,,,,6190,16,E,Barge,1683
R414,Chennai (Madras),Limon, India, Costa Rica,,,,6200,16,N,Dredgers,1870
R415,Colombo,Guayaquil, Sri Lanka, Ecuador,,,,6160,16,S,Tugs,2057
R416,Kelang,Buenos Aires, Malaysia, Argentina,,,,5320,14,N,Corvette,2244
R417,Brisbane,Callao, Australia, Peru,,,,1433,43,N,Reefer Vessel,2431
R418,Melbourne,Santos, Australia, Brazil,,,,844,21,N,Frigate,233
R419,Sydney,Cartagena, Australia, Colombia,,,,4107,78,S,Offshore Ships,466
R420,Auckland,Veracruz, New Zealand, Mexico,,,,8314,22,N,Panamax Ship,699
R421,Vancouver,Manzanillo, Canada, Mexico,,,,2444,50,N,Bulk carrier,932
R422,Seattle,Klaipeda, USA, Lithuania,,,,572,26,N,Tank,1165
R423,Long Beach,Helsinki, USA, Finland,,,,995,48,S,Naval ship,1398
R424,Oakland,Riga, USA, Latvia,,,,12271,70,N,Livestock carrier,1631
R425,Miami,St. Petersburg, USA, Russia,,,,554,59,N,Barge,1864
R426,New Orleans,Oslo, USA, Norway,,,,1882,49,N,Dredgers,2097
R427,Houston,Rotterdam, USA, Netherlands,,,,2098,163,N,Tugs,2330
R428,New York,Zeebrugge, USA, Belgium,,,,2537,165,S,Corvette,2563
R429,Savannah,Gothenburg, USA, Sweden,,,,298,167,N,Reefer Vessel,2796
R430,Norfolk,Le Havre, USA, France,,,,341,39,S,Frigate,3029
R431,Charleston,Antwerp, USA, Belgium,,,,385,72,E,Offshore Ships,3262
R432,Jacksonville,Ho Chi Minh City, USA, Vietnam,,,,429,71,E,Panamax Ship,3495
R433,Los Angeles,Bangkok, USA, Thailand,,,,473,79,N,Bulk carrier,3728
R434,San Diego,Manila, USA, Philippines,,,,517,81,S,Tank,3961
R435,Seattle,Busan, USA, South Korea,,,,561,10,N,Tank,4194
R436,Tacoma,Jakarta, USA, Indonesia,,,,7810,21,N,Barge,427
R437,Portland,Klang, USA, Malaysia,,,,5290,14,N,Dredgers,954
R438,Oakland,Shanghai, USA, China,,,,5360,14,S,Tugs,1481
R439,Long Beach,Tokyo, USA, Japan,,,,4560,12,N,Corvette,2008
R440,Los Angeles,Hong Kong, USA, China,,,,6220,16,N,Reefer Vessel,2535
R441,Vancouver,Kaohsiung, Canada, Taiwan,,,,6050,16,N,Frigate,3062
R442,Montreal,Ho Chi Minh City, Canada, Vietnam,,,,517,81,S,Offshore Ships,3589
R443,Halifax,Jakarta, Canada, Indonesia,,,,561,10,N,Panamax Ship,4116
R444,Rotterdam,Penang, Netherlands, Malaysia,,,,7810,21,N,Bulk carrier,4643
R445,Hamburg,Bangkok, Germany, Thailand,,,,5290,14,S,Tank,5170
R446,Antwerp,Colombo, Belgium, Sri Lanka,,,,5360,14,N,Barge,5697
R447,Bremerhaven,Shanghai, Germany, China,,,,4560,12,N,Dredgers,6224
R448,Le Havre,Chennai, France, India,,,,6220,16,N,Tugs,6751
R449,Sines,Mumbai, Portugal, India,,,,6050,16,S,Corvette,7278
R450,Valencia,Tema, Spain, Ghana,,,,429,71,N,Reefer Vessel,7805
R451,Gioia Tauro,Alexandria, Italy, Egypt,,,,473,79,S,Frigate,8332
R452,Jeddah,Luanda, Saudi Arabia, Angola,,,,517,81,E,Offshore Ships,8859
R453,Mumbai (Bombay),Casablanca, India, Morocco,,,,561,10,E,Panamax Ship,932
R454,Visakhapatnam,Dakar, India, Senegal,,,,341,32,N,Bulk carrier,1165
R455,Chittagong,Mombasa, Bangladesh, Kenya,,,,648,54,S,Tank,1398
R456,Fremantle,Abidjan, Australia, Ivory Coast,,,,692,60,N,Tank,1631
R457,Adelaide,Cape Town, Australia, South Africa,,,,736,78,N,Barge,1864
R458,Perth,Lagos, Australia, Nigeria,,,,7230,19,N,Dredgers,2097
R459,Wellington,Durban, New Zealand, South Africa,,,,8070,21,S,Tugs,2330
R460,Prince Rupert,Haifa, Canada, Israel,,,,8060,21,N,Corvette,2563
R461,San Pedro,Athens, USA, Greece,,,,6830,18,N,Reefer Vessel,2796
R462,Everett,Izmir, USA, Turkey,,,,6770,18,N,Frigate,3029
R463,Wilmington,Lisbon, USA, Portugal,,,,8080,21,S,Offshore Ships,3262
R464,Mobile,Marseille, USA, France,,,,8590,23,N,Panamax Ship,3495
R465,Corpus Christi,Naples, USA, Italy,,,,7570,20,N,Bulk carrier,3728
R466,Baltimore,Barcelona, USA, Spain,,,,7860,21,N,Tank,3961
R467,Tacoma,Valencia, USA, Spain,,,,5630,15,S,Roll-on/roll-off,4194
R468,Everett,Piraeus, USA, Greece,,,,5460,14,N,Naval ship,427
R469,Seattle,Genoa, USA, Italy,,,,5920,15,N,Livestock carrier,954
R470,Portland,Laem Chabang, USA, Thailand,,,,6140,16,N,Offshore Ships,1481
R471,Montreal,Penang, Canada, Malaysia,,,,6190,16,S,Heavy Lift Ships,2008
R472,Halifax,Colombo, Canada, Sri Lanka,,,,6200,16,N,Panamax Ship,2535
R473,Felixstowe,Klang, United Kingdom, Malaysia,,,,6200,16,S,Tanker,3062
R474,Southampton,Bangkok, United Kingdom, Thailand,,,,6160,16,E,Canoe,3589
R475,Tilbury,Manila, United Kingdom, Philippines,,,,5320,14,E,Hovercraft,4116
R476,Liverpool,Ho Chi Minh City, United Kingdom, Vietnam,,,,1433,43,N,Submarine,4643
R477,Dunkerque,Jakarta, France, Indonesia,,,,844,21,S,Yacht,5170
R478,Algeciras,Kaohsiung, Spain, Taiwan,,,,4107,78,N,Sailboat,5697
R479,Tanger Med,Lisbon, Morocco, Portugal,,,,8314,22,N,Gas carrier,6224
R480,Alexandria,Cork, Egypt, Ireland,,,,2444,50,N,High-speed craft,6751
R481,Port Sudan,Dublin, Sudan, Ireland,,,,572,26,S,Livestock carrier,7278
R482,Jebel Ali,Bremen, United Arab Emirates, Germany,,,,995,48,N,Project cargo ship,7805
R483,Chennai (Madras),Barcelona, India, Spain,,,,12271,70,N,Barge,8332
R484,Singapore,Felixstowe, Singapore, UK,,,,554,59,N,Dredgers,8859
R485,Melbourne,Hamburg, Australia, Germany,,,,1882,49,S,Tugs,932
R486,Perth,Le Havre, Australia, France,,,,2098,163,N,Corvette,1165
R487,Auckland,Rotterdam, New Zealand, Netherlands,,,,2537,165,S,Reefer Vessel,1398
R488,Incheon,Southampton, South Korea, UK,,,,298,167,E,Frigate,1631
R489,Yokohama,Bremerhaven, Japan, Germany,,,,341,39,E,Offshore Ships,1864
R490,Kaohsiung,Zeebrugge, Taiwan, Belgium,,,,385,72,N,Panamax Ship,2097
R491,Santos,Le Havre, Brazil, France,,,,429,71,S,Bulk carrier,2330
R492,Progreso,Barcelona, Mexico, Spain,,,,473,79,N,Tank,2563
R493,Altamira,Genoa, Mexico, Italy,,,,517,81,N,Barge,2796
R494,Bremerhaven,Felixstowe, Germany, UK,,,,561,10,N,Dredgers,3029
R495,Cartagena,Antwerp, Colombia, Belgium,,,,7810,21,S,Tugs,3262
R496,Callao,Rotterdam, Peru, Netherlands,,,,5290,14,N,Corvette,3495
R497,San Antonio,Busan, Chile, South Korea,,,,5360,14,N,Reefer Vessel,3728
R498,Buenaventura,Tokyo, Colombia, Japan,,,,4560,12,N,Frigate,3961
R499,Santos,Shenzhen, Brazil, China,,,,6220,16,S,Offshore Ships,4194
R500,Buenos Aires,Ningbo, Argentina, China,,,,6050,16,N,Panamax Ship,427
R501,Rio Grande,Hong Kong, Brazil, China,,,,429,71,E,Bulk carrier,954
R502,Itaguai,Yokohama, Brazil, Japan,,,,473,79,N,Tank,1481
R503,Manaus,Shanghai, Brazil, China,,,,517,81,S,Tank,2008
R504,Santos,Visakhapatnam, Brazil, India,,,,561,10,N,Barge,2535
R505,Salina Cruz,Mumbai (Bombay), Mexico, India,,,,341,32,N,Dredgers,3062
R506,Incheon,Jeddah, South Korea, Saudi Arabia,,,,648,54,N,Tugs,3589
R507,Keelung,Alexandria, Taiwan, Egypt,,,,692,60,S,Corvette,4116
R508,Yantian,Tanger Med, China, Morocco,,,,736,78,N,Reefer Vessel,4643
R509,Qingdao,Rotterdam, China, Netherlands,,,,7230,19,N,Frigate,5170
R510,Ningbo-Zhoushan,Shanghai, China, China,,,,8070,21,S,Offshore Ships,5697
R511,Tianjin,Tianjin, China, China,,,,8060,21,E,Panamax Ship,6224
R512,Shanghai,Ningbo-Zhoushan, China, China,,,,6830,18,E,Bulk carrier,6751
R513,Antwerp,Qingdao, Belgium, China,,,,6770,18,N,Tank,7278
R514,Southampton,Yantian, United Kingdom, China,,,,8080,21,S,Barge,7805
R515,Dunkerque,Salina Cruz, France, Mexico,,,,8590,23,N,Dredgers,8332
R516,Algeciras,Buenaventura, Spain, Colombia,,,,7570,20,N,Tugs,8859
R517,Gioia Tauro,Callao, Italy, Peru,,,,7860,21,N,Corvette,633
R518,Piraeus,Buenos Aires, Greece, Argentina,,,,5630,15,S,Reefer Vessel,844
R519,Jeddah,Santos, Saudi Arabia, Brazil,,,,5460,14,N,Frigate,1055
R520,Mumbai (Bombay),Algeciras, India, Spain,,,,5920,15,N,Offshore Ships,1266
R521,Wellington,Felixstowe, New Zealand, United Kingdom,,,,6140,16,N,Panamax Ship,1477
R522,Durban,Le Havre, South Africa, France,,,,6190,16,S,Bulk carrier,1688
R523,Lagos,Antwerp, Nigeria, Belgium,,,,6200,16,N,Tank,1899
R524,Abidjan,Hamburg, Ivory Coast, Germany,,,,8314,22,N,Tank,2110
R525,Tangier,Incheon, Morocco, South Korea,,,,2444,50,N,Barge,2321
R526,Alexandria,Los Angeles, Egypt, USA,,,,572,26,N,Dredgers,2532
R527,Ashdod,Brisbane, Israel, Australia,,,,995,48,S,Tugs,187
R528,Jeddah,Port Moresby, Saudi Arabia, Papua New Guinea,,,,12271,70,E,Corvette,374
R529,Dubai,Dalian, United Arab Emirates, China,,,,554,59,E,Reefer Vessel,561
R530,Mundra,Subic Bay, India, Philippines,,,,1882,49,N,Frigate,748
R531,Colombo,Port Klang, Sri Lanka, Malaysia,,,,2098,163,S,Offshore Ships,935
R532,Yangon,Singapore, Myanmar, Singapore,,,,2537,165,N,Panamax Ship,1122
R533,Da Nang,Los Angeles, Vietnam, USA,,,,298,167,N,Bulk carrier,1309
R534,Shenzhen,Seattle, China, USA,,,,341,39,N,Tank,1496
R535,Busan,Long Beach, South Korea, USA,,,,385,72,S,Naval ship,1683
R536,Tokyo,Oakland, Japan, USA,,,,429,71,N,Livestock carrier,1870
R537,Osaka,Vladivostok, Japan, Russia,,,,473,79,N,Barge,2057
R538,Keelung,Kaohsiung, Taiwan, Taiwan,,,,517,81,N,Dredgers,2244
R539,Manila,Hong Kong, Philippines, China,,,,561,10,S,Tugs,2431
R540,Ho Chi Minh City,Port Kelang, Vietnam, Malaysia,,,,7810,21,N,Corvette,233
R541,Belawan,Chennai (Madras), Indonesia, India,,,,5290,14,E,Reefer Vessel,466
R542,Semarang,Chittagong, Indonesia, Bangladesh,,,,5360,14,E,Frigate,699
R543,Darwin,Mumbai (Bombay), Australia, India,,,,4560,12,N,Offshore Ships,932
R544,Cairns,Aqaba, Australia, Jordan,,,,6220,16,S,Panamax Ship,1165
R545,Noumea,Piraeus, New Caledonia, Greece,,,,6050,16,N,Bulk carrier,1398
R546,Auckland,Izmir, New Zealand, Turkey,,,,429,71,N,Tank,1631
R547,Vancouver,Genoa, Canada, Italy,,,,473,79,N,Tank,1864
R548,Montreal,Dakar, Canada, Senegal,,,,517,81,S,Barge,2097
R549,Halifax,Tema, Canada, Ghana,,,,561,10,N,Dredgers,2330
R550,New York,Maputo, USA, Mozambique,,,,341,32,N,Tugs,2563
R551,Savannah,Auckland, USA, New Zealand,,,,648,54,N,Corvette,2796
R552,Miami,Salalah, USA, Oman,,,,692,60,S,Reefer Vessel,3029
R553,Houston,Jebel Ali, USA, United Arab Emirates,,,,736,78,N,Frigate,3262
R554,New Orleans,Port Sudan, USA, Sudan,,,,7230,19,N,Offshore Ships,3495
R555,Los Angeles,Alexandria, USA, Egypt,,,,8070,21,S,Panamax Ship,3728
R556,San Diego,Sines, USA, Portugal,,,,8060,21,E,Bulk carrier,3961
R557,Seattle,Le Havre, USA, France,,,,6830,18,E,Tank,4194
R558,Prince Rupert,Halifax, Canada, Canada,,,,6770,18,N,Barge,427
R559,Everett,Montreal, USA, Canada,,,,8080,21,S,Dredgers,954
R560,Wilmington,Vancouver, USA, Canada,,,,8590,23,N,Tugs,1481
R561,Mobile,Los Angeles, USA, USA,,,,7570,20,N,Corvette,2008
R562,Corpus Christi,Long Beach, USA, USA,,,,7860,21,N,Reefer Vessel,2535
R563,Baltimore,Oakland, USA, USA,,,,5630,15,S,Frigate,3062
R564,Miami,Portland, USA, USA,,,,5460,14,N,Offshore Ships,3589
R565,Houston,Everett, USA, USA,,,,5920,15,N,Panamax Ship,4116
R566,Callao,Tacoma, Peru, USA,,,,6140,16,N,Bulk carrier,4643
R567,San Antonio,San Diego, Chile, USA,,,,6190,16,S,Tank,5170
R568,Buenaventura,Los Angeles, Colombia, USA,,,,6200,16,N,Tank,5697
R569,Los Angeles,Jacksonville, USA, USA,,,,6200,16,S,Barge,6224
R570,Long Beach,Charleston, USA, USA,,,,6160,16,N,Dredgers,6751
R571,San Francisco,Norfolk, USA, USA,,,,5320,14,N,Tugs,7278
R572,Portland,Savannah, USA, USA,,,,1433,43,N,Corvette,7805
R573,Tacoma,New Orleans, USA, USA,,,,844,21,S,Reefer Vessel,8332
R574,Houston,Oakland, USA, USA,,,,4107,78,N,Frigate,8859
R575,Miami,Los Angeles, USA, USA,,,,8314,22,S,Offshore Ships,3250
R576,Shanghai,Houston, China, USA,,,,2444,50,N,Panamax Ship,3500
R577,Hong Kong,Miami, China, USA,,,,572,26,N,Bulk carrier,3750
R578,Ningbo,Baltimore, China, USA,,,,995,48,N,Offshore Ships,4000
R579,Busan,Corpus Christi, South Korea, USA,,,,12271,70,S,Heavy Lift Ships,300
R580,Yokohama,Mobile, Japan, USA,,,,554,59,N,Panamax Ship,600
R581,Shenzhen,Wilmington, China, USA,,,,1882,49,N,Tanker,900
R582,Kaohsiung,Everett, Taiwan, USA,,,,2098,163,N,Canoe,1200
R583,Qingdao,San Pedro, China, USA,,,,2537,165,S,Hovercraft,1500
R584,Tianjin,Prince Rupert, China, Canada,,,,298,167,N,Submarine,1800
R585,New York,Fremantle, USA, Australia,,,,341,39,S,Yacht,2100
R586,Charleston,Brisbane, USA, Australia,,,,385,72,N,Sailboat,2400
R587,Houston,Adelaide, USA, Australia,,,,429,71,N,Gas carrier,2700
R588,Norfolk,Fremantle, USA, Australia,,,,473,79,N,High-speed craft,3000
R589,Miami,Visakhapatnam, USA, India,,,,517,81,S,Livestock carrier,3300
R590,Baltimore,Mumbai (Bombay), USA, India,,,,561,10,N,Project cargo ship,3600
R591,Philadelphia,Jeddah, USA, Saudi Arabia,,,,7810,21,S,Barge,3900
R592,Boston,Salalah, USA, Oman,,,,5290,14,N,Dredgers,200
R593,Jacksonville,Piraeus, USA, Greece,,,,5360,14,W,Tugs,600
R594,Busan,Gioia Tauro, South Korea, Italy,,,,4560,12,E,Corvette,1000
R595,Hong Kong,Valencia, China, Spain,,,,6220,16,N,Reefer Vessel,1400
R596,Tokyo,Sines, Japan, Portugal,,,,6050,16,W,Frigate,1800
R597,Yokohama,Dunkerque, Japan, France,,,,429,71,N,Offshore Ships,2200
R598,Shenzhen,Le Havre, China, France,,,,473,79,W,Panamax Ship,2600
R599,Ningbo,Antwerp, China, Belgium,,,,517,81,E,Bulk carrier,3000
R600,Qingdao,Hamburg, China, Germany,,,,561,10,N,Tank,3400
R601,Tianjin,Rotterdam, China, Netherlands,,,,341,32,W,Barge,3800
R602,Dalian,Tianjin, China, China,,,,648,54,E,Dredgers,4200
R603,Antwerp,Qingdao, Belgium, China,,,,692,60,N,Tugs,280
R604,Hamburg,Ningbo-Zhoushan, Germany, China,,,,736,78,N,Corvette,560
R605,Rotterdam,Yokohama, Netherlands, Japan,,,,7230,19,S,Reefer Vessel,840
R606,Le Havre,Bremerhaven, France, Germany,,,,8070,21,N,Frigate,1120
R607,Felixstowe,Altamira, UK, Mexico,,,,8060,21,S,Offshore Ships,1400
R608,Bremerhaven,Progreso, Germany, Mexico,,,,6830,18,N,Panamax Ship,1680
R609,Zeebrugge,Santos, Belgium, Brazil,,,,6770,18,N,Bulk carrier,1960
R610,Southampton,Kaohsiung, UK, Taiwan,,,,8080,21,W,Tank,2240
R611,Gothenburg,Yokohama, Sweden, Japan,,,,8590,23,E,Tank,2520
R612,Aarhus,Incheon, Denmark, South Korea,,,,7570,20,N,Barge,2800
R613,Hamburg,Melbourne, Germany, Australia,,,,7860,21,W,Dredgers,3080
R614,Rotterdam,Singapore, Netherlands, Singapore,,,,5630,15,E,Tugs,3360
R615,Antwerp,Melbourne, Belgium, Australia,,,,5460,14,N,Corvette,3640
R616,Le Havre,Singapore, France, Singapore,,,,5920,15,W,Reefer Vessel,134
R617,Genoa,Colombo, Italy, Sri Lanka,,,,6140,16,N,Frigate,268
R618,Barcelona,Chennai (Madras), Spain, India,,,,6190,16,W,Offshore Ships,402
R619,Marseille,Jebel Ali, France, United Arab Emirates,,,,6200,16,E,Panamax Ship,536
R620,Lisbon,Port Sudan, Portugal, Sudan,,,,8080,21,N,Bulk carrier,670
R621,Valencia,Valencia, Spain, Spain,,,,8590,23,W,Tank,804
R622,Naples,Tanger Med, Italy, Morocco,,,,7570,20,E,Barge,938
R623,Jebel Ali,Algeciras, UAE, Spain,,,,7860,21,N,Dredgers,1072
R624,Doha,Dunkerque, Qatar, France,,,,5630,15,W,Tugs,1206
R625,Dammam,Liverpool, Saudi Arabia, United Kingdom,,,,5460,14,N,Corvette,1340
R626,Muscat,Tilbury, Oman, United Kingdom,,,,5920,15,W,Reefer Vessel,1474
R627,Aden,Southampton, Yemen, United Kingdom,,,,6140,16,E,Frigate,1608
R628,Manama,Felixstowe, Bahrain, United Kingdom,,,,6190,16,N,Offshore Ships,1742
R629,Jeddah,Southampton, Saudi Arabia, United Kingdom,,,,6200,16,W,Panamax Ship,1876
R630,Dubai,Antwerp, UAE, Belgium,,,,6200,16,E,Bulk carrier,2010
R631,Sharjah,Shanghai, UAE, China,,,,6160,16,N,Tank,2144
R632,Melbourne,Tianjin, Australia, China,,,,5320,14,W,Tank,2278
R633,Brisbane,Ningbo-Zhoushan, Australia, China,,,,1433,43,W,Barge,2412
R634,Fremantle,Qingdao, Australia, China,,,,844,21,E,Dredgers,2546
R635,Adelaide,Yantian, Australia, China,,,,4107,78,N,Tugs,2680
R636,Darwin,Keelung, Australia, Taiwan,,,,8314,22,W,Corvette,211
R637,Hobart,Incheon, Australia, South Korea,,,,2444,50,E,Reefer Vessel,422
R638,Townsville,Ensenada, Australia, Mexico,,,,572,26,N,Frigate,633
R639,Newcastle,Yokohama, Australia, Japan,,,,995,48,W,Offshore Ships,844
R640,Cairns,Valencia, Australia, Spain,,,,12271,70,E,Panamax Ship,1055
R641,Hamburg,Hamburg, Germany, Germany,,,,554,59,N,Bulk carrier,1266
R642,Rotterdam,Rotterdam, Netherlands, Netherlands,,,,1882,49,W,Tank,1477
R643,Felixstowe,Antwerp, UK, Belgium,,,,2098,163,E,Naval ship,1688
R644,Bremerhaven,Bremerhaven, Germany, Germany,,,,2537,165,N,Livestock carrier,1899
R645,Southampton,Altamira, UK, Mexico,,,,298,167,W,Barge,2110
R646,Copenhagen,Progreso, Denmark, Mexico,,,,341,39,N,Dredgers,2321
R647,Helsinki,Santos, Finland, Brazil,,,,385,72,W,Tugs,2532
R648,Tallinn,Kaohsiung, Estonia, Taiwan,,,,429,71,E,Offshore Ships,187
R649,Stockholm,Hong Kong, Sweden, China,,,,473,79,N,Heavy Lift Ships,374
R650,Gdynia,Busan, Poland, South Korea,,,,517,81,W,Panamax Ship,561
R651,Los Angeles,Yokohama, USA, Japan,,,,561,10,E,Tanker,748
R652,Houston,Brisbane, USA, Australia,,,,7810,21,N,Canoe,935
R653,Miami,Long Beach, USA, USA,,,,5290,14,,Hovercraft,1122
R654,New Orleans,Shanghai, USA, China,,,,5360,14,,Submarine,1309
R655,New York,Singapore, USA, Singapore,,,,4560,12,W,Yacht,1496
R656,Savannah,Jakarta, USA, Indonesia,,,,6220,16,E,Sailboat,1683
R657,Mobile,Chittagong, USA, Bangladesh,,,,6050,16,N,Gas carrier,1870
R658,Port Everglades,Colombo, USA, Sri Lanka,,,,429,71,E,High-speed craft,2057
R659,San Juan,Singapore, Puerto Rico, Singapore,,,,473,79,E,Livestock carrier,2244
R660,Norfolk,Jeddah, USA, Saudi Arabia,,,,517,81,N,Project cargo ship,2431
R661,San Diego,Jebel Ali, USA, United Arab Emirates,,,,561,10,E,Barge,233
R662,Los Angeles,Alexandria, USA, Egypt,,,,5630,15,E,Dredgers,466
R663,Seattle,Barcelona, USA, Spain,,,,5460,14,N,Tugs,699
R664,Portland,Hamburg, USA, Germany,,,,5920,15,E,Corvette,932
R665,New York,Singapore, USA, Singapore,,,,6140,16,E,Reefer Vessel,1165
R666,San Francisco,New York, USA, USA,,,,6190,16,N,Frigate,1398
R667,Boston,Algeciras, USA, Spain,,,,6200,16,E,Offshore Ships,1631
R668,Miami,Rotterdam, USA, Netherlands,,,,6160,16,E,Panamax Ship,1864
R669,Charleston,Piraeus, USA, Greece,,,,5320,14,N,Bulk carrier,2097
R670,Baltimore,Ningbo-Zhoushan, USA, China,,,,1433,43,E,Tank,2330
R671,Savannah,Algeciras, USA, Spain,,,,844,21,W,Barge,2563
R672,Jacksonville,Genoa, USA, Italy,,,,4107,78,E,Dredgers,2796
R673,Norfolk,Los Angeles, USA, USA,,,,8314,22,N,Tugs,3029
R674,Mobile,Yokohama, USA, Japan,,,,2444,50,N,Corvette,3262
R675,Port Everglades,Haiphong, USA, Vietnam,,,,572,26,E,Reefer Vessel,3495
R676,San Juan,Shenzhen, Puerto Rico, China,,,,995,48,E,Frigate,3728
R677,Houston,Los Angeles, USA, USA,,,,12271,70,N,Offshore Ships,3961
R678,New Orleans,Colombo, USA, Sri Lanka,,,,554,59,E,Panamax Ship,4194
R679,Oakland,Singapore, USA, Singapore,,,,1882,49,E,Bulk carrier,427
R680,Tacoma,Algeciras, USA, Spain,,,,2098,163,N,Tank,954
R681,Vancouver,Kaohsiung, Canada, Taiwan,,,,2537,165,E,Tank,1481
R682,Seattle,Tanjung Pelepas, USA, Malaysia,,,,298,167,E,Barge,2008
R683,Los Angeles,Tokyo, USA, Japan,,,,341,39,N,Dredgers,2535
R684,Long Beach,New York, USA, USA,,,,385,72,E,Tugs,3062
R685,San Francisco,Shenzhen, USA, China,,,,429,71,W,Corvette,3589
R686,San Diego,Hamburg, USA, Germany,,,,473,79,E,Reefer Vessel,4116
R687,Portland,Long Beach, USA, USA,,,,517,81,N,Frigate,4643
R688,Houston,Rotterdam, USA, Netherlands,,,,561,10,N,Offshore Ships,5170
R689,New York,Los Angeles, USA, USA,,,,7810,21,E,Panamax Ship,5697
R690,Boston,Wilmington, USA, USA,,,,5290,14,E,Bulk carrier,6224
R691,Miami,Everett, USA, USA,,,,5360,14,N,Tank,6751
R692,Charleston,San Pedro, USA, USA,,,,4560,12,E,Barge,7278
R693,Savannah,Prince Rupert, USA, Canada,,,,6220,16,E,Dredgers,7805
R694,Baltimore,Wellington, USA, New Zealand,,,,6050,16,N,Tugs,8332
R695,Norfolk,Perth, USA, Australia,,,,517,81,E,Corvette,8859
R696,Mobile,Adelaide, USA, Australia,,,,561,10,E,Reefer Vessel,9386
R697,Port Everglades,Fremantle, USA, Australia,,,,7810,21,N,Frigate,9913
R698,San Juan,Chittagong, Puerto Rico, Bangladesh,,,,5290,14,E,Offshore Ships,10440
R699,Houston,Visakhapatnam, USA, India,,,,5360,14,W,Panamax Ship,10967
R700,New Orleans,Mumbai (Bombay), USA, India,,,,4560,12,E,Bulk carrier,11494
R701,Oakland,Jebel Ali, USA, United Arab Emirates,,,,6220,16,N,Tank,12021
R702,Tacoma,Port Sudan, USA, Sudan,,,,6050,16,N,Tank,12548
R703,Vancouver,Alexandria, Canada, Egypt,,,,429,71,E,Barge,13075
R704,Los Angeles,Piraeus, USA, Greece,,,,473,79,E,Dredgers,13602
R705,Long Beach,Gioia Tauro, USA, Italy,,,,517,81,N,Tugs,14129
R706,San Francisco,Algeciras, USA, Spain,,,,561,10,E,Corvette,14656
R707,San Diego,Valencia, USA, Spain,,,,341,32,E,Reefer Vessel,15183
R708,Portland,Sines, USA, Portugal,,,,648,54,N,Frigate,15710
R709,Seattle,Dunkerque, USA, France,,,,692,60,E,Offshore Ships,16237
R710,Los Angeles,Le Havre, USA, France,,,,736,78,N,Panamax Ship,16764
R711,Long Beach,Bremerhaven, USA, Germany,,,,7230,19,E,Bulk carrier,17291
R712,San Francisco,Hamburg, USA, Belgium,,,,8070,21,W,Tank,17818
R713,New York,Hamburg, USA, Germany,,,,8060,21,E,Naval ship,18345
R714,Boston,Rotterdam, USA, Netherlands,,,,6830,18,N,Livestock carrier,18872
,,,,,,,,,,,,
,,,,,,,,,,,,
,,,,,,,,,,,,
,,,,,,,,,,,,
,,,,,,,,,,,,
,,,,,,,,,,,,
,,,,,,,,,,,,
,,,,,,,,,,,,
,,,,,,,,,,,,
,,,,,,,,,,,,
,,,,,,,,,,,,
,,,,,,,,,,,,
,,,,,,,,,,,,
,,,,,,,,,,,,
,,,,,,,,,,,,
,,,,,,,,,,,,
,,,,,,,,,,,,
,,,,,,,,,,,,
,,,,,,,,,,,,
,,,,,,,,,,,,
,,,,,,,,,,,,
,,,,,,,,,,,,
,,,,,,,,,,,,
,,,,,,,,,,,,
,,,,,,,,,,,,
,,,,,,,,,,,,
,,,,,,,,,,,,
,,,,,,,,,,,,
,,,,,,,,,,,,
,,,,,,,,,,,,
,,,,,,,,,,,,
,,,,,,,,,,,,
,,,,,,,,,,,,
,,,,,,,,,,,,
,,,,,,,,,,,,
,,,,,,,,,,,,
,,,,,,,,,,,,
,,,,,,,,,,,,
,,,,,,,,,,,,
,,,,,,,,,,,,
,,,,,,,,,,,,
,,,,,,,,,,,,
,,,,,,,,,,,,
,,,,,,,,,,,,
,,,,,,,,,,,,
,,,,,,,,,,,,
,,,,,,,,,,,,
,,,,,,,,,,,,
,,,,,,,,,,,,
,,,,,,,,,,,,
,,,,,,,,,,,,
,,,,,,,,,,,,
